subcategory,main_category,default_warmth,default_rain_ok,min_temp,max_temp,blocked_purposes
반팔 티셔츠,상의,1,1,17,50,격식
긴팔 티셔츠,상의,2,1,5,26,격식
셔츠,상의,2,1,-30,35,운동
블라우스,상의,2,0,-30,35,운동
맨투맨,상의,3,0,-30,22,격식
후드티,상의,3,0,-30,22,격식
니트,상의,3,0,-30,20,운동
폴로,상의,2,1,18,50,
민소매,상의,1,1,24,50,격식
기능성 티셔츠,상의,1,1,5,50,격식|데이트
청바지,하의,2,1,-30,31,운동|격식
슬랙스,하의,2,1,-30,40,운동
치노팬츠,하의,2,1,-30,33,운동
카고팬츠,하의,2,1,-30,31,운동|격식
조거팬츠,하의,2,1,-30,30,격식
반바지,하의,1,1,23,50,격식
스커트,하의,2,1,5,50,운동
원피스,원피스,2,1,15,50,운동
셔츠원피스,원피스,2,1,15,33,운동
니트원피스,원피스,3,0,-30,18,운동
가디건,아우터,2,0,10,24,운동
데님재킷,아우터,2,0,12,23,운동|격식
봄버재킷,아우터,3,1,5,20,운동|격식
바람막이,아우터,1,1,8,24,격식
야상·필드재킷,아우터,3,1,2,18,운동|격식
블레이저,아우터,2,0,8,26,운동
코트,아우터,4,0,-10,14,운동
패딩,아우터,5,1,-30,8,
스니커즈,신발,1,1,-30,50,운동|격식
러닝화,신발,1,1,-30,50,격식|데이트
캔버스화,신발,1,0,0,50,운동|격식
로퍼,신발,1,0,-30,50,운동
부츠,신발,3,1,-30,15,운동
