정답\예측,가디건,기능성 티셔츠,긴팔 티셔츠,니트,니트원피스,데님재킷,러닝화,로퍼,맨투맨,민소매,바람막이,반바지,반팔 티셔츠,봄버재킷,부츠,블라우스,블레이저,셔츠,셔츠원피스,스니커즈,스커트,슬랙스,야상·필드재킷,원피스,조거팬츠,청바지,치노팬츠,카고팬츠,캔버스화,코트,패딩,폴로,후드티
가디건,43,0,0,1,0,0,0,0,0,0,0,0,0,1,0,0,1,0,0,0,0,0,0,0,0,0,0,0,0,0,1,0,0
기능성 티셔츠,0,65,2,0,0,0,0,0,0,1,0,1,12,0,0,0,0,0,0,0,1,0,0,1,0,0,0,0,0,0,0,0,0
긴팔 티셔츠,0,1,14,7,0,0,0,0,2,0,0,0,0,0,0,0,0,0,0,0,0,0,0,0,0,0,0,0,0,0,0,0,0
니트,0,2,4,71,0,0,0,0,2,1,0,0,0,0,0,0,0,0,0,0,1,0,0,1,0,0,0,0,0,0,0,2,0
니트원피스,0,0,0,0,34,0,0,0,0,1,0,0,0,0,0,1,1,0,4,0,0,0,0,0,0,0,0,0,0,0,0,0,0
데님재킷,0,0,0,0,0,57,0,0,0,0,0,0,0,1,0,0,4,2,1,0,0,0,0,0,0,0,0,0,0,0,1,1,0
러닝화,0,0,0,0,0,0,90,0,0,0,0,0,0,0,1,0,0,0,0,9,0,0,0,0,0,0,0,0,1,0,0,0,0
로퍼,0,0,0,0,0,0,0,81,0,0,0,0,0,0,0,0,0,0,0,2,0,0,0,0,0,0,0,0,4,0,0,0,0
맨투맨,1,0,2,7,0,0,0,0,87,0,0,0,1,0,0,0,0,0,0,0,0,0,1,0,0,0,0,0,0,0,0,1,1
민소매,0,0,0,0,1,0,0,0,0,54,0,0,0,0,0,5,0,0,2,0,0,0,0,0,0,0,0,0,1,0,0,0,0
바람막이,0,0,0,0,0,0,0,0,0,0,30,0,0,1,0,0,0,3,0,0,0,0,0,0,0,0,0,0,0,0,3,0,2
반바지,0,0,0,0,0,0,0,0,0,0,0,162,1,0,0,1,0,0,0,0,1,0,0,0,0,0,0,0,0,0,0,0,0
반팔 티셔츠,0,9,3,3,1,0,0,0,2,0,0,0,178,0,0,0,0,2,0,0,0,0,0,3,0,0,0,0,0,0,0,8,0
봄버재킷,0,0,0,0,2,2,0,0,0,0,1,0,1,78,0,1,3,0,0,0,0,0,1,0,0,0,0,0,0,0,9,0,0
부츠,0,0,0,0,0,0,1,0,0,0,0,0,0,0,87,0,0,0,0,1,0,0,0,0,0,0,0,0,0,0,0,0,0
블라우스,0,0,0,1,0,0,0,0,0,7,0,0,0,1,0,39,2,3,9,0,1,0,0,0,0,0,0,0,0,0,0,0,0
블레이저,1,0,0,0,0,5,0,0,0,0,0,0,0,4,0,0,73,2,2,0,0,0,1,0,0,0,0,0,0,0,2,0,0
셔츠,0,2,1,0,0,1,0,0,0,0,0,0,1,0,0,0,2,144,0,0,0,0,0,0,0,0,1,0,0,5,0,3,0
셔츠원피스,0,0,0,0,7,0,0,0,0,0,0,0,0,0,0,0,0,0,52,0,0,0,0,0,0,0,0,0,0,0,0,0,0
스니커즈,0,0,0,0,0,0,5,2,0,0,0,0,0,0,1,0,0,0,0,78,0,0,0,0,0,0,0,0,14,0,0,0,0
스커트,0,0,0,0,0,0,0,0,0,0,0,2,1,0,0,0,0,1,0,0,82,0,0,0,0,0,0,0,0,0,0,0,0
슬랙스,0,0,0,0,0,0,0,0,0,0,0,0,0,0,0,0,0,0,0,0,0,62,0,0,4,3,3,2,0,0,0,0,0
야상·필드재킷,0,0,0,0,0,1,0,0,0,0,0,0,0,1,0,0,0,0,0,0,0,0,6,0,0,0,0,0,0,1,5,0,0
원피스,0,0,0,0,0,0,0,0,0,0,0,0,5,0,0,0,0,1,0,0,1,0,0,96,0,0,0,0,0,0,0,0,1
조거팬츠,0,0,0,0,0,0,0,0,0,0,0,2,0,0,0,0,0,0,0,0,0,7,0,0,128,3,3,19,0,0,0,0,0
청바지,0,0,0,0,0,0,0,0,0,0,0,2,0,0,0,0,0,0,0,0,2,4,0,0,2,111,0,0,0,0,0,0,0
치노팬츠,0,0,0,0,0,0,0,0,0,0,0,0,0,0,0,0,0,0,0,0,0,1,0,0,0,0,7,0,0,0,0,0,0
카고팬츠,0,0,0,0,0,0,0,0,0,0,0,0,0,0,0,0,0,0,0,0,0,0,0,0,15,3,1,102,0,0,0,0,0
캔버스화,0,0,0,0,0,0,2,7,0,0,0,0,0,0,4,0,0,0,0,10,1,0,0,0,0,0,0,0,161,0,0,0,0
코트,0,0,0,0,0,0,0,0,0,0,1,0,0,1,0,0,0,1,0,0,0,0,0,0,0,0,0,0,0,54,0,0,0
패딩,4,0,2,1,0,4,0,0,1,0,3,0,0,10,0,1,1,2,1,0,0,0,2,0,0,0,0,0,0,1,81,0,0
폴로,2,5,0,3,0,0,0,0,1,1,0,0,7,0,0,0,0,3,0,0,0,0,0,3,0,0,0,0,0,0,0,109,0
후드티,1,0,0,0,0,0,0,0,2,0,3,0,0,0,0,1,0,1,0,0,0,0,0,1,0,0,0,0,0,0,1,0,70
