class,n_val,accuracy
가디건,103,0.7379
구두,165,0.9333
기능성 티셔츠,141,0.7092
긴팔 티셔츠,43,0.6279
니트,133,0.7820
니트원피스,51,0.7843
데님재킷,116,0.8793
러닝화,105,0.8762
레깅스,88,0.8750
로퍼,85,0.7765
맨투맨,168,0.8452
민소매,118,0.8475
바람막이,37,0.6216
반바지,238,0.9202
반팔 티셔츠,271,0.8229
봄버재킷,93,0.8495
부츠,123,0.9350
블라우스,113,0.7434
블레이저,141,0.8723
샌들,210,0.9143
셔츠,241,0.8797
셔츠원피스,89,0.7528
스니커즈,99,0.6667
스커트,164,0.8902
슬랙스,107,0.8037
슬리퍼,72,0.8472
야상·필드재킷,16,0.7500
원피스,127,0.8819
조거팬츠,215,0.8558
청바지,176,0.9205
치노팬츠,21,0.7619
카고팬츠,123,0.7805
캔버스화,180,0.8500
코트,103,0.8835
터틀넥,78,0.7821
패딩,199,0.7940
폴로,154,0.8506
플랫슈즈,110,0.9000
플리스,46,0.6304
후드집업,39,0.7179
후드티,116,0.8362
힐,110,0.8273
